biobambam (0.0.159) unstable; urgency=low

  * add nucltag option in bammarkduplicates and bammarkduplicates2 

 -- German Tischler <gt1@sanger.ac.uk>  Fri, 18 Jul 2014 20:07:14 +0100

biobambam (0.0.158) unstable; urgency=low

  * assign unique tag id to reads without a tag field in bammarkduplicates and bammarkduplicates2 

 -- German Tischler <gt1@sanger.ac.uk>  Wed, 16 Jul 2014 14:55:37 +0100

biobambam (0.0.157) unstable; urgency=low

  * add tag option in bammarkduplicates and bammarkduplicates2 

 -- German Tischler <gt1@sanger.ac.uk>  Wed, 16 Jul 2014 14:33:51 +0100

biobambam (0.0.156) unstable; urgency=low

  * try to avoid collation failure due to too many open files

 -- German Tischler <gt1@sanger.ac.uk>  Thu, 10 Jul 2014 17:00:59 +0100

biobambam (0.0.155) unstable; urgency=low

  * use alignment decoder factory class in bamseqchksum 

 -- German Tischler <gt1@sanger.ac.uk>  Thu, 10 Jul 2014 15:26:42 +0100

biobambam (0.0.154) unstable; urgency=low

  * fix outputformat=cram in factory class based alignment output 

 -- German Tischler <gt1@sanger.ac.uk>  Wed, 09 Jul 2014 00:09:32 +0100

biobambam (0.0.153) unstable; urgency=low

  * fix header rewriting in bamfilterheader2 

 -- German Tischler <gt1@sanger.ac.uk>  Tue, 08 Jul 2014 13:40:00 +0100

biobambam (0.0.152) unstable; urgency=low

  * compilation fixes in libmaus 

 -- German Tischler <gt1@sanger.ac.uk>  Tue, 08 Jul 2014 10:19:02 +0100

biobambam (0.0.151) unstable; urgency=low

  * add bamintervalcommenthist program 

 -- German Tischler <gt1@sanger.ac.uk>  Tue, 08 Jul 2014 08:57:05 +0100

biobambam (0.0.150) unstable; urgency=low

  * add bamintervalcomment program 

 -- German Tischler <gt1@sanger.ac.uk>  Wed, 25 Jun 2014 14:35:58 +0100

biobambam (0.0.149) unstable; urgency=low

  * add bamflagsplit program 

 -- German Tischler <gt1@sanger.ac.uk>  Tue, 24 Jun 2014 09:55:17 +0100

biobambam (0.0.148) unstable; urgency=low

  * add support for igzip compression 

 -- German Tischler <gt1@sanger.ac.uk>  Tue, 17 Jun 2014 14:49:03 +0100

biobambam (0.0.147) unstable; urgency=low

  * streaming input support for bammerge and bamcat (by option) 

 -- German Tischler <gt1@sanger.ac.uk>  Sat, 31 May 2014 17:26:42 +0100

biobambam (0.0.146) unstable; urgency=low

  * add BAM validation program 

 -- German Tischler <gt1@sanger.ac.uk>  Thu, 29 May 2014 08:40:24 +0100

biobambam (0.0.145) unstable; urgency=low

  * fix compilation on Darwin 

 -- German Tischler <gt1@sanger.ac.uk>  Tue, 27 May 2014 19:28:26 +0100

biobambam (0.0.144) unstable; urgency=low

  * add blastn xml format to BAM converter 

 -- German Tischler <gt1@sanger.ac.uk>  Tue, 27 May 2014 19:11:07 +0100

biobambam (0.0.143) unstable; urgency=low

  * improve header merging in bam12auxmerge 

 -- German Tischler <gt1@sanger.ac.uk>  Fri, 23 May 2014 16:27:46 +0100

biobambam (0.0.142) unstable; urgency=low

  * fix duplicate marking metrics for multiple libraries 

 -- German Tischler <gt1@sanger.ac.uk>  Sat, 17 May 2014 23:10:37 +0100

biobambam (0.0.141) unstable; urgency=low

  * do not use variable length arrays in bamseqchksum
  * make null pointer cast explicit in bamheap (gcc 4.3 compat)
  * avoid generation of spurious eof exceptions in bamparsort
  * do not rely on OpenMP to detect number of processors in bamparsort
  * fix check/test target on Darwin (different base64 decoding parameter)

 -- German Tischler <gt1@sanger.ac.uk>  Wed, 14 May 2014 15:09:29 +0100

biobambam (0.0.140) unstable; urgency=low

  * fix compilation for non current gcc 

 -- German Tischler <gt1@sanger.ac.uk>  Wed, 07 May 2014 12:14:58 +0100

biobambam (0.0.139) unstable; urgency=low

  * add option to keep the sort order in bamreset
  * add option for quality histogram in fastqtobam
  * improve error messages in to fastqtobam
  * add CRAM sub range support in bamtofastq and bamcollate2 via io_lib 

 -- German Tischler <gt1@sanger.ac.uk>  Wed, 07 May 2014 10:29:39 +0100

biobambam (0.0.138) unstable; urgency=low

  * fix read duplication bug in fastqtobam
  * add parameter for maximum valid quality value in fastqtobam 

 -- German Tischler <gt1@sanger.ac.uk>  Thu, 01 May 2014 10:30:25 +0100

biobambam (0.0.137) unstable; urgency=low

  * add bamseqchksum program 

 -- German Tischler <gt1@sanger.ac.uk>  Wed, 30 Apr 2014 09:31:01 +0100

biobambam (0.0.136) unstable; urgency=low

  * add pairedfiles name scheme in fastqtobam 

 -- German Tischler <gt1@sanger.ac.uk>  Tue, 29 Apr 2014 16:55:14 +0100

biobambam (0.0.135) unstable; urgency=low

  * fix help message in fastqtobam 

 -- German Tischler <gt1@sanger.ac.uk>  Tue, 22 Apr 2014 13:23:19 +0100

biobambam (0.0.134) unstable; urgency=low

  * add read name schemes c18s and c18pe in fastqtobam 

 -- German Tischler <gt1@sanger.ac.uk>  Tue, 22 Apr 2014 12:21:49 +0100

biobambam (0.0.133) unstable; urgency=medium

  * update manual page for bamsort 

 -- German Tischler <gt1@sanger.ac.uk>  Fri, 18 Apr 2014 23:31:35 +0100

biobambam (0.0.132) unstable; urgency=medium

  * implement option for MD/NM calculation during bamsort 

 -- German Tischler <gt1@sanger.ac.uk>  Fri, 18 Apr 2014 23:18:46 +0100

biobambam (0.0.131) unstable; urgency=low

  * add support for razf compressed reference in bammdnm
  * add quality offset parameter in fastqtobam 

 -- German Tischler <gt1@sanger.ac.uk>  Fri, 11 Apr 2014 10:10:52 +0100

biobambam (0.0.130) unstable; urgency=low

  * remove qs/qq aux tags in adapter reinsertion
  * change default file extensions in compressed collating bamtofastq split by read group 

 -- German Tischler <gt1@sanger.ac.uk>  Thu, 03 Apr 2014 14:05:09 +0100

biobambam (0.0.129) unstable; urgency=low

  * add splitting by read group option in bamtofastq 

 -- German Tischler <gt1@sanger.ac.uk>  Wed, 19 Mar 2014 09:22:13 +0000

biobambam (0.0.128) unstable; urgency=low

  * add output parameters (format, file name, threads) for bamcollate2 

 -- German Tischler <gt1@sanger.ac.uk>  Tue, 18 Mar 2014 09:59:29 +0000

biobambam (0.0.127) unstable; urgency=low

  * add support for bgzf compressed reference in bammdnm 

 -- German Tischler <gt1@sanger.ac.uk>  Thu, 06 Mar 2014 14:08:41 +0000

biobambam (0.0.126) unstable; urgency=low

  * add bammdnm program 

 -- German Tischler <gt1@sanger.ac.uk>  Sun, 02 Mar 2014 18:43:05 +0000

biobambam (0.0.125) unstable; urgency=low

  * merge fixes for compiler warnings 

 -- German Tischler <gt1@sanger.ac.uk>  Fri, 21 Feb 2014 09:33:00 +0000

biobambam (0.0.124) unstable; urgency=low

  * add meta information in BAM indexes 

 -- German Tischler <gt1@sanger.ac.uk>  Fri, 21 Feb 2014 09:31:01 +0000

biobambam (0.0.123) unstable; urgency=low

  * fixes for BAM indexing 

 -- German Tischler <gt1@sanger.ac.uk>  Thu, 20 Feb 2014 12:56:09 +0000

biobambam (0.0.122) unstable; urgency=low

  * add parameter of tags to keep during BAM resetting

 -- German Tischler <gt1@sanger.ac.uk>  Wed, 12 Feb 2014 09:55:51 +0000

biobambam (0.0.121) unstable; urgency=low

  * improve handling of empty bgzf blocks 

 -- German Tischler <gt1@sanger.ac.uk>  Fri, 31 Jan 2014 12:52:37 +0000

biobambam (0.0.120) unstable; urgency=low

  * add fasta key in bamtofastq 

 -- German Tischler <gt1@sanger.ac.uk>  Sun, 26 Jan 2014 13:06:38 +0000

biobambam (0.0.119) unstable; urgency=low

  * add key for replacing header in bamcollate2 (reset=1) and bamreset 

 -- German Tischler <gt1@sanger.ac.uk>  Thu, 23 Jan 2014 14:00:45 +0000

biobambam (0.0.118) unstable; urgency=low

  * add bamfilterheader program 

 -- German Tischler <gt1@sanger.ac.uk>  Mon, 20 Jan 2014 20:50:19 +0000

biobambam (0.0.117) unstable; urgency=low

  * add reset and classes keys in bamcollate2 

 -- German Tischler <gt1@sanger.ac.uk>  Sun, 05 Jan 2014 18:14:43 +0000

biobambam (0.0.116) unstable; urgency=low

  * add fixmates key in bamsort 

 -- German Tischler <gt1@sanger.ac.uk>  Fri, 13 Dec 2013 11:57:09 +0000

biobambam (0.0.115) unstable; urgency=low

  * add bamfixmateinformation 

 -- German Tischler <gt1@sanger.ac.uk>  Thu, 12 Dec 2013 16:45:04 +0000

biobambam (0.0.114) unstable; urgency=low

  * fix fastqtobam for input via single file by name 

 -- German Tischler <gt1@sanger.ac.uk>  Mon, 02 Dec 2013 23:20:58 +0000

biobambam (0.0.113) unstable; urgency=low

  * add fastqtobam program 

 -- German Tischler <gt1@sanger.ac.uk>  Mon, 02 Dec 2013 21:25:08 +0000

biobambam (0.0.112) unstable; urgency=low

  * add help message for readgroups key in bamcollate2 

 -- German Tischler <gt1@sanger.ac.uk>  Mon, 02 Dec 2013 10:20:03 +0000

biobambam (0.0.111) unstable; urgency=low

  * no change version bump after fix in libmaus 

 -- German Tischler <gt1@sanger.ac.uk>  Fri, 29 Nov 2013 15:40:45 +0000

biobambam (0.0.110) unstable; urgency=low

  * add read group filtering in bamcollate2 

 -- German Tischler <gt1@sanger.ac.uk>  Fri, 29 Nov 2013 14:17:58 +0000

biobambam (0.0.109) unstable; urgency=low

  * add gzip compression for bamtofastq output channels 

 -- German Tischler <gt1@sanger.ac.uk>  Thu, 14 Nov 2013 20:42:00 +0000

biobambam (0.0.108) unstable; urgency=low

  * fix BAM merging 

 -- German Tischler <gt1@sanger.ac.uk>  Fri, 08 Nov 2013 13:39:10 +0000

biobambam (0.0.107) unstable; urgency=low

  * libmaus update for fixing BAM indexing 

 -- German Tischler <gt1@sanger.ac.uk>  Wed, 06 Nov 2013 12:45:16 +0000

biobambam (0.0.106) unstable; urgency=low

  * fix sort order field output in bamsort 

 -- German Tischler <gt1@sanger.ac.uk>  Tue, 05 Nov 2013 13:27:27 +0000

biobambam (0.0.105) unstable; urgency=low

  * fixes for bamsort 

 -- German Tischler <gt1@sanger.ac.uk>  Mon, 04 Nov 2013 21:28:01 +0000

biobambam (0.0.104) unstable; urgency=low

  * add output formats in bamsort 

 -- German Tischler <gt1@sanger.ac.uk>  Mon, 04 Nov 2013 21:02:34 +0000

biobambam (0.0.103) unstable; urgency=low

  * fix compilation without support for io_lib in libmaus
  * do not erase sort order in bamcollate2 if collation is switched off 

 -- German Tischler <gt1@sanger.ac.uk>  Fri, 01 Nov 2013 09:10:29 +0000

biobambam (0.0.102) unstable; urgency=low

  * add SAM input format for bamsort
  * add index and md5 options for bamsort

 -- German Tischler <gt1@sanger.ac.uk>  Wed, 30 Oct 2013 10:26:46 +0000

biobambam (0.0.101) unstable; urgency=low

  * add md5 and index options for all programs producing BAM output (with the exception of bamsort)

 -- German Tischler <gt1@sanger.ac.uk>  Tue, 29 Oct 2013 19:55:58 +0000

biobambam (0.0.100) unstable; urgency=low

  * bump libmaus dependency 

 -- German Tischler <gt1@sanger.ac.uk>  Tue, 29 Oct 2013 14:22:08 +0000

biobambam (0.0.99) unstable; urgency=low

  * add index/md5 options in bammarkduplicates and bammarkduplicates2 

 -- German Tischler <gt1@sanger.ac.uk>  Mon, 28 Oct 2013 12:26:34 +0000

biobambam (0.0.98) unstable; urgency=low

  * fix read group processing in merging 

 -- German Tischler <gt1@sanger.ac.uk>  Fri, 25 Oct 2013 09:10:49 +0100

biobambam (0.0.97) unstable; urgency=low

  * add multiple input file option for bammarkduplicates and bammarkduplicates2
  * add support for supplementary alignment flag in bammaskflags
  * add bamsplitdiv and bamchecksort programs 

 -- German Tischler <gt1@sanger.ac.uk>  Thu, 24 Oct 2013 09:44:34 +0100

biobambam (0.0.96) unstable; urgency=low

  * add bamcat, bammerge and bamsplit
  * add supplementary alignment flag 

 -- German Tischler <gt1@sanger.ac.uk>  Tue, 22 Oct 2013 14:54:14 +0100

biobambam (0.0.95) unstable; urgency=low

  * use incremental BAM header parser in libmaus 

 -- German Tischler <gt1@sanger.ac.uk>  Thu, 17 Oct 2013 09:51:58 +0100

biobambam (0.0.94) unstable; urgency=low

  * fix crashes of bammarkduplicates and bammarkduplicates2 due to wrong pointer typedefs in libmaus 

 -- German Tischler <gt1@sanger.ac.uk>  Thu, 03 Oct 2013 22:29:39 +0100

biobambam (0.0.93) unstable; urgency=low

  * add bammarkduplicates2 

 -- German Tischler <gt1@sanger.ac.uk>  Wed, 02 Oct 2013 09:05:56 +0100

biobambam (0.0.92) unstable; urgency=low

  * add random downsampling tool 

 -- German Tischler <gt1@sanger.ac.uk>  Wed, 18 Sep 2013 09:56:06 +0100

biobambam (0.0.91) unstable; urgency=low

  * no change version bump fir libmaus update to version 0.0.71 

 -- German Tischler <gt1@sanger.ac.uk>  Mon, 16 Sep 2013 14:20:51 +0100

biobambam (0.0.90) unstable; urgency=low

  * fix compilation on Darwin 

 -- German Tischler <gt1@sanger.ac.uk>  Mon, 09 Sep 2013 14:51:42 +0100

biobambam (0.0.89) unstable; urgency=low

  * add bamfilterrg tool 

 -- German Tischler <gt1@sanger.ac.uk>  Mon, 09 Sep 2013 12:29:22 +0100

biobambam (0.0.88) unstable; urgency=low

  * add input range restriction for bamcollate2 and bamtofastq 

 -- German Tischler <gt1@sanger.ac.uk>  Fri, 30 Aug 2013 13:35:43 +0100

biobambam (0.0.87) unstable; urgency=low

  * update for changed template length checking in libmaus 

 -- German Tischler <gt1@sanger.ac.uk>  Wed, 07 Aug 2013 12:44:55 +0100

biobambam (0.0.86) unstable; urgency=low

  * update for changed BAM validity checking in libmaus 

 -- German Tischler <gt1@sanger.ac.uk>  Wed, 07 Aug 2013 11:41:07 +0100

biobambam (0.0.85) unstable; urgency=low

  * no change version bump for libmaus update to version 0.0.66

 -- German Tischler <gt1@sanger.ac.uk>  Mon, 05 Aug 2013 09:57:19 +0100

biobambam (0.0.84) unstable; urgency=low

  * add parallel rmdup option for bammarkduplicates and new bamfilterflags program 

 -- German Tischler <gt1@sanger.ac.uk>  Fri, 02 Aug 2013 11:55:17 +0100

biobambam (0.0.83) unstable; urgency=low

  * add installation of bamindex manual page 

 -- German Tischler <gt1@sanger.ac.uk>  Thu, 01 Aug 2013 10:41:30 +0100

biobambam (0.0.82) unstable; urgency=low

  * rebump version number after failed bump 

 -- German Tischler <gt1@sanger.ac.uk>  Wed, 31 Jul 2013 13:47:56 +0100

biobambam (0.0.81) unstable; urgency=low

  * update libmaus dependency 

 -- German Tischler <gt1@sanger.ac.uk>  Wed, 31 Jul 2013 13:46:58 +0100

biobambam (0.0.80) unstable; urgency=low

  * update libmaus dependency 

 -- German Tischler <gt1@sanger.ac.uk>  Mon, 29 Jul 2013 20:31:33 +0100

biobambam (0.0.79) unstable; urgency=low

  * add input checking for bamindex tool
  * update libmaus dependency 

 -- German Tischler <gt1@sanger.ac.uk>  Wed, 24 Jul 2013 09:53:01 +0100

biobambam (0.0.78) unstable; urgency=low

  * update libmaus dependency 

 -- German Tischler <gt1@sanger.ac.uk>  Mon, 22 Jul 2013 14:05:36 +0100

biobambam (0.0.77) unstable; urgency=low

  * add statistics for bamtofastq tool 
  * add bamindex tool

 -- German Tischler <gt1@sanger.ac.uk>  Mon, 22 Jul 2013 13:44:33 +0100

biobambam (0.0.76) unstable; urgency=low

  * add qc fail flag copying in bam12auxmerge 

 -- German Tischler <gt1@sanger.ac.uk>  Mon, 08 Jul 2013 10:38:10 +0100

biobambam (0.0.75) unstable; urgency=low

  * bump version after adding confidence for list based adapter detection 

 -- German Tischler <gt1@sanger.ac.uk>  Fri, 05 Jul 2013 10:59:07 +0100

biobambam (0.0.74) unstable; urgency=low

  * bump version after adding options for bam12auxmerge 

 -- German Tischler <gt1@sanger.ac.uk>  Fri, 05 Jul 2013 10:55:35 +0100

biobambam (0.0.73) unstable; urgency=low

  * update libmaus dependency 

 -- German Tischler <gt1@sanger.ac.uk>  Thu, 04 Jul 2013 11:35:51 +0100

biobambam (0.0.72) unstable; urgency=low

  * added manual pages

 -- German Tischler <gt1@sanger.ac.uk>  Tue, 02 Jul 2013 22:14:20 +0100

biobambam (0.0.71) unstable; urgency=low

  * update libmaus dependency

 -- German Tischler <gt1@sanger.ac.uk>  Fri, 21 Jun 2013 14:46:11 +0100

biobambam (0.0.70) unstable; urgency=low

  * make libmaus dependency statements more precise

 -- German Tischler <gt1@sanger.ac.uk>  Fri, 21 Jun 2013 09:28:38 +0100

biobambam (0.0.69) unstable; urgency=low

  * update libmaus dependency after fix for name sorting related crashes 

 -- German Tischler <gt1@sanger.ac.uk>  Thu, 20 Jun 2013 10:04:32 +0100

biobambam (0.0.68) unstable; urgency=low

  * add parallel bam recompression tool 

 -- German Tischler <gt1@sanger.ac.uk>  Wed, 05 Jun 2013 12:51:42 +0100

biobambam (0.0.67) unstable; urgency=low

  * update libmaus dependency after API adjustments in libmaus (darwin compatibility) 

 -- German Tischler <gt1@sanger.ac.uk>  Wed, 05 Jun 2013 12:13:57 +0100

biobambam (0.0.66) unstable; urgency=low

  * update help message for bammarkduplicates 

 -- German Tischler <gt1@sanger.ac.uk>  Mon, 03 Jun 2013 22:18:26 +0100

biobambam (0.0.65) unstable; urgency=low

  * add some parallel processing to bammarkduplicates 

 -- German Tischler <gt1@sanger.ac.uk>  Mon, 03 Jun 2013 20:14:13 +0100

biobambam (0.0.64) unstable; urgency=low

  * turn off error message when BAM header uses more than one bgzf block 

 -- German Tischler <gt1@sanger.ac.uk>  Mon, 03 Jun 2013 14:44:10 +0100

biobambam (0.0.63) unstable; urgency=low

  * add option for copying instead of rewriting bam on input for bammarkduplicates if input is via stdin

 -- German Tischler <gt1@sanger.ac.uk>  Sun, 02 Jun 2013 12:01:53 +0100

biobambam (0.0.62) unstable; urgency=low

  * more fixes for libmaus api changes 

 -- German Tischler <gt1@sanger.ac.uk>  Sat, 01 Jun 2013 22:43:47 +0100

biobambam (0.0.61) unstable; urgency=low

  * apply fixes for libmaus api cleanup changes

 -- German Tischler <gt1@sanger.ac.uk>  Fri, 31 May 2013 15:53:39 +0100

biobambam (0.0.60) unstable; urgency=low

  * update libmaus dependency in debian/control 

 -- German Tischler <gt1@sanger.ac.uk>  Thu, 30 May 2013 22:05:52 +0100

biobambam (0.0.59) unstable; urgency=low

  * update libmaus dependency to avoid divsion by zero in DuplicationMetrics class

 -- German Tischler <gt1@sanger.ac.uk>  Thu, 30 May 2013 15:16:06 +0100

biobambam (0.0.58) unstable; urgency=low

  * update libmaus dependency

 -- German Tischler <gt1@sanger.ac.uk>  Thu, 30 May 2013 10:40:34 +0100

biobambam (0.0.57) unstable; urgency=low

  * change bammarkduplicates default buffer sizes 

 -- German Tischler <gt1@sanger.ac.uk>  Fri, 24 May 2013 09:29:35 +0100

biobambam (0.0.56) unstable; urgency=low

  * no change version bump after changing libmaus dependency 

 -- German Tischler <gt1@sanger.ac.uk>  Thu, 23 May 2013 13:32:31 +0100

biobambam (0.0.55) unstable; urgency=low

  * bump version after importing code and updating libmaus dependency 

 -- German Tischler <gt1@sanger.ac.uk>  Wed, 22 May 2013 15:00:56 +0100

biobambam (0.0.54) unstable; urgency=low

  * bump version after bambam api changes in libmaus 

 -- German Tischler <gt1@sanger.ac.uk>  Tue, 21 May 2013 07:11:27 +0100

biobambam (0.0.53) unstable; urgency=low

  * added parallel bam decoding option for bamtofastq 

 -- German Tischler <gt1@sanger.ac.uk>  Fri, 17 May 2013 13:39:03 +0100

biobambam (0.0.52) unstable; urgency=low

  * bump version after adding function to disable input validation for bamtofasq

 -- German Tischler <gt1@sanger.ac.uk>  Thu, 09 May 2013 12:05:06 +0100

biobambam (0.0.51) unstable; urgency=low

  * bump version after updating dependency information 

 -- German Tischler <gt1@sanger.ac.uk>  Sun, 28 Apr 2013 22:20:32 +0100

biobambam (0.0.50) unstable; urgency=low

  * bump version after switching to new collation code in libmaus

 -- German Tischler <gt1@sanger.ac.uk>  Thu, 25 Apr 2013 15:05:08 +0100

biobambam (0.0.49) unstable; urgency=low

  * no change version bump after changing libmaus dep to version 0.0.35 

 -- German Tischler <gt1@sanger.ac.uk>  Sun, 07 Apr 2013 16:33:26 +0100

biobambam (0.0.48) unstable; urgency=low

  * bump version after simplifying configure.in 

 -- German Tischler <gt1@sanger.ac.uk>  Fri, 05 Apr 2013 11:10:43 +0100

biobambam (0.0.47) unstable; urgency=low

  * bump version after adding support for io_lib/scram 

 -- German Tischler <gt1@sanger.ac.uk>  Thu, 04 Apr 2013 10:40:22 +0100

biobambam (0.0.46) unstable; urgency=low

  * bump version after changing debian versioning scheme

 -- German Tischler <gt1@sanger.ac.uk>  Mon, 25 Mar 2013 09:27:30 +0000

biobambam (0.0.44) UNRELEASED; urgency=low

  * bump version number again after fixing versioning script 

 -- German Tischler <gt1@sanger.ac.uk>  Thu, 21 Mar 2013 11:37:20 +0000

biobambam (0.0.42) UNRELEASED; urgency=low

  * initial build

 -- German Tischler <gt1@sanger.ac.uk>  Thu, 21 Mar 2013 09:39:22 +0000
